id,fecha,jornada,local,visitante,pronostico,p1,px,p2,puntos_esperados,resultado,puntos
564706,2026-10-09,8,Malaga,Espanol,1-0,0.385,0.296,0.319,1.67,,
564698,2026-10-10,8,Vallecano,Ath Bilbao,1-0,0.476,0.277,0.247,1.97,,
564699,2026-10-10,8,Alaves,Ath Madrid,0-1,0.307,0.276,0.416,1.70,,
564700,2026-10-10,8,Barcelona,Getafe,2-0,0.812,0.138,0.050,3.18,,
564702,2026-10-10,8,Real Madrid,Villarreal,2-1,0.635,0.207,0.158,2.40,,
564701,2026-10-11,8,Betis,Osasuna,2-0,0.615,0.231,0.154,2.41,,
564703,2026-10-11,8,Elche,Celta,1-0,0.448,0.272,0.280,1.81,,
564705,2026-10-11,8,Santander,Valencia,2-1,0.435,0.259,0.307,1.76,,
564707,2026-10-11,8,Sociedad,La Coruna,2-1,0.440,0.261,0.299,1.78,,
